,Company_Name,Job_Title,Location,Salary,url
0,"
RP Interior Solutions",Marketing & Sales Executives(M/F),"L. B. Nagar, Hyderabad, Telangana","
₹15,000 - ₹50,000 a month",https://www.indeed.co.in/company/RPInteriorSolutions/jobs/Marketing-Sales-Executive-87cb6a147d497f2d?fccid=8bfabc4f6f48e1e2&vjs=3
1,"

ADCI HYD 13 SEZ",ISL Interpreter Specialist I,"Hyderabad, Telangana",NEGOTIABLE,https://www.indeed.co.in/rc/clk?jk=62e6b7f321cb11fc&fccid=fe2d21eef233e94a&vjs=3
2,"
Axness Technologies Private Limited",Hiring SPECIALLY ABLED,"Hyderabad, Telangana",NEGOTIABLE,https://www.indeed.co.in/rc/clk?jk=74d830c1b60ddcd2&fccid=70f4a56787e378e7&vjs=3
3,"
RP Interior Solutions",Marketing & Sales Executives(M/F),"L. B. Nagar, Hyderabad, Telangana","
₹15,000 - ₹50,000 a month",https://www.indeed.co.in/company/RPInteriorSolutions/jobs/Marketing-Sales-Executive-87cb6a147d497f2d?fccid=8bfabc4f6f48e1e2&vjs=3
4,"

ADCI HYD 13 SEZ",ISL Interpreter Specialist I,"Hyderabad, Telangana",NEGOTIABLE,https://www.indeed.co.in/rc/clk?jk=62e6b7f321cb11fc&fccid=fe2d21eef233e94a&vjs=3
5,"
Axness Technologies Private Limited",Hiring SPECIALLY ABLED,"Hyderabad, Telangana",NEGOTIABLE,https://www.indeed.co.in/rc/clk?jk=74d830c1b60ddcd2&fccid=70f4a56787e378e7&vjs=3
